{
    "checkpoint/train-modified-batch-128/epoch-26.pt": {
        "train_loss": [
            4.295828819274902,
            3.5252442359924316,
            2.942742347717285,
            2.5980730056762695,
            2.2896485328674316,
            2.078514337539673,
            1.9165780544281006,
            1.757728099822998,
            1.6081210374832153,
            1.5422062873840332,
            1.4751681089401245,
            1.3843185901641846,
            1.348602294921875,
            1.25808846950531,
            1.1769707202911377,
            1.158495306968689,
            1.1388652324676514,
            1.0854969024658203,
            1.1013102531433105,
            1.0269708633422852,
            0.9963645339012146,
            0.9539279341697693,
            0.9436333775520325,
            0.9564112424850464,
            0.9114946126937866,
            0.8944011330604553,
            0.8820604085922241
        ],
        "train_acc": [
            0.07286658653846154,
            0.19636418269230768,
            0.2883613782051282,
            0.3445012019230769,
            0.40840344551282054,
            0.4426081730769231,
            0.47400841346153844,
            0.5102163461538461,
            0.5481270032051282,
            0.5641025641025641,
            0.5803786057692307,
            0.60546875,
            0.6053685897435898,
            0.6354166666666666,
            0.655448717948718,
            0.659354967948718,
            0.6717247596153846,
            0.6732772435897435,
            0.6727263621794872,
            0.6955128205128205,
            0.6930588942307693,
            0.7162960737179488,
            0.720703125,
            0.7124899839743589,
            0.7321213942307693,
            0.7362279647435896,
            0.7306690705128205
        ],
        "val_loss": [
            3.499340534210205,
            2.74727201461792,
            2.1092092990875244,
            1.79669189453125,
            1.5933475494384766,
            1.414637565612793,
            1.2820379734039307,
            1.1607400178909302,
            1.0228344202041626,
            0.9376592040061951,
            0.9767375588417053,
            0.9047408103942871,
            0.9378124475479126,
            0.843320369720459,
            0.8352788686752319,
            0.8276419043540955,
            0.8450537919998169,
            0.7906970977783203,
            0.77297443151474,
            0.7808542251586914,
            0.7563186287879944,
            0.7567703127861023,
            0.7661226391792297,
            0.7009177207946777,
            0.7067415118217468,
            0.7067448496818542,
            0.7383064031600952
        ],
        "val_acc": [
            0.2639732142857143,
            0.41861607142857143,
            0.5584375,
            0.6231696428571428,
            0.652544642857143,
            0.7194196428571429,
            0.7146875,
            0.7436160714285714,
            0.7824553571428572,
            0.7697767857142858,
            0.7922321428571429,
            0.7944642857142857,
            0.7971874999999999,
            0.8111160714285715,
            0.8114732142857143,
            0.8134375,
            0.8185267857142857,
            0.8061160714285714,
            0.8041517857142857,
            0.8247321428571429,
            0.8270982142857143,
            0.8129464285714285,
            0.8175446428571428,
            0.8390178571428571,
            0.8339285714285715,
            0.8277232142857143,
            0.8299553571428572
        ]
    }
}