{
    "checkpoint/add-1-extra-layer-mixup-batch-32/epoch-5.pt": {
        "train_loss": [
            3.1001834869384766,
            2.521679639816284,
            2.598620891571045,
            2.4646899700164795,
            2.4074134826660156,
            2.4682717323303223
        ],
        "train_acc": [
            NaN,
            NaN,
            NaN,
            NaN,
            NaN,
            NaN
        ],
        "val_loss": [
            2.4187498092651367,
            2.265547752380371,
            2.152749538421631,
            2.2320351600646973,
            2.2953951358795166,
            2.327287197113037
        ],
        "val_acc": [
            NaN,
            NaN,
            NaN,
            NaN,
            NaN,
            NaN
        ]
    }
}