{
    "/add-1-extra-layer": {
        "train_loss": [
            1.8697819709777832,
            0.6826660633087158,
            0.49405843019485474,
            0.39650267362594604,
            0.3328581154346466,
            0.29217684268951416,
            0.26134371757507324,
            0.23857350647449493,
            0.21899598836898804,
            0.19917015731334686,
            0.18854445219039917
        ],
        "train_acc": [
            0.5853559870550161,
            0.8296419902912622,
            0.8759607605177993,
            0.8957827669902912,
            0.9095873786407767,
            0.9234425566343042,
            0.9304712783171522,
            0.9366909385113269,
            0.9363875404530745,
            0.9448321197411003,
            0.9465008090614886
        ],
        "val_loss": [
            0.8630751371383667,
            0.6551475524902344,
            0.5723901391029358,
            0.5462313890457153,
            0.5188653469085693,
            0.5014409422874451,
            0.4703007936477661,
            0.45362457633018494,
            0.4876224398612976,
            0.4659922420978546,
            0.4565524756908417
        ],
        "val_acc": [
            0.8070673076923077,
            0.8460576923076922,
            0.87125,
            0.8752403846153847,
            0.8738461538461538,
            0.8743269230769232,
            0.8874038461538463,
            0.8853365384615385,
            0.8825961538461539,
            0.8896153846153846,
            0.8813942307692308
        ]
    }
}