{
    "checkpoint/train-classifier-with-new-augmentation-128/epoch-9.pt": {
        "train_loss": [
            2.99935245513916,
            1.4549944400787354,
            1.1115820407867432,
            0.9770743250846863,
            0.9176756739616394,
            0.8494566679000854,
            0.8093668818473816,
            0.834345817565918,
            0.8250170350074768
        ],
        "train_acc": [
            0.30458733974358976,
            0.6057191506410257,
            0.6899539262820512,
            0.7319210737179488,
            0.753104967948718,
            0.7713842147435896,
            0.7823517628205128,
            0.7903145032051282,
            0.7909154647435896
        ],
        "val_loss": [
            1.3321844339370728,
            0.9542995095252991,
            0.9181824326515198,
            0.7479429841041565,
            0.7541229128837585,
            0.7457799911499023,
            0.6932323575019836,
            0.7699984908103943,
            0.8489641547203064
        ],
        "val_acc": [
            0.6328571428571428,
            0.7316964285714286,
            0.7432589285714286,
            0.8098660714285714,
            0.8035267857142857,
            0.8014285714285715,
            0.8112053571428571,
            0.8303125,
            0.8162946428571428
        ]
    }
}