{
    "checkpoint/train-classifier-with-new-augmentation-32/epoch-12.pt": {
        "train_loss": [
            3.6314144134521484,
            2.560530185699463,
            2.4420993328094482,
            2.118169069290161,
            2.115020990371704,
            2.0046780109405518,
            1.9217338562011719,
            1.8316693305969238,
            1.734457015991211,
            1.7621814012527466,
            1.8587952852249146,
            1.6547350883483887,
            1.6628718376159668
        ],
        "train_acc": [
            0.19695121951219513,
            0.40940040650406506,
            0.46107723577235776,
            0.535670731707317,
            0.5481707317073171,
            0.5707317073170731,
            0.5839939024390244,
            0.607520325203252,
            0.6268292682926829,
            0.6320630081300814,
            0.6209857723577236,
            0.6547256097560976,
            0.6518800813008131
        ],
        "val_loss": [
            1.942157506942749,
            1.6017290353775024,
            1.4609477519989014,
            1.3820412158966064,
            1.2747161388397217,
            1.3302305936813354,
            1.2241504192352295,
            1.2043808698654175,
            1.0608582496643066,
            1.0291911363601685,
            1.1117143630981445,
            1.09639310836792,
            1.1887025833129883
        ],
        "val_acc": [
            0.49011752136752135,
            0.5836004273504274,
            0.6521100427350427,
            0.6419604700854701,
            0.6789529914529915,
            0.6840277777777778,
            0.7330395299145299,
            0.7298344017094016,
            0.7479967948717949,
            0.7700320512820512,
            0.7393162393162392,
            0.766159188034188,
            0.7546741452991453
        ]
    }
}