{
    "checkpoint/train-modified-batch-64/epoch-26.pt": {
        "train_loss": [
            4.214170455932617,
            3.510327100753784,
            3.0948994159698486,
            2.8022561073303223,
            2.573002815246582,
            2.384518623352051,
            2.2499945163726807,
            2.113616466522217,
            1.9748612642288208,
            1.8986989259719849,
            1.7894796133041382,
            1.7579947710037231,
            1.7190314531326294,
            1.6377662420272827,
            1.5670164823532104,
            1.5741713047027588,
            1.5125244855880737,
            1.4856970310211182,
            1.4820574522018433,
            1.4591115713119507,
            1.450749397277832,
            1.4106581211090088,
            1.3798638582229614,
            1.329607605934143,
            1.3491096496582031,
            1.3240461349487305,
            1.2999376058578491
        ],
        "train_acc": [
            0.08833940129449838,
            0.18669093851132687,
            0.24165655339805825,
            0.2923240291262136,
            0.3266080097087379,
            0.36564522653721687,
            0.4018507281553398,
            0.4272350323624596,
            0.4657160194174757,
            0.4742617313915858,
            0.5009607605177994,
            0.5080400485436893,
            0.5138551779935275,
            0.5266484627831715,
            0.5462682038834952,
            0.5444478155339806,
            0.5579995954692557,
            0.5657868122977346,
            0.5661407766990292,
            0.5748381877022654,
            0.5780744336569579,
            0.5870752427184466,
            0.5957220873786407,
            0.60082928802589,
            0.6003741909385113,
            0.6043689320388349,
            0.6141282362459547
        ],
        "val_loss": [
            3.319763660430908,
            2.719791889190674,
            2.327122688293457,
            2.0622951984405518,
            1.7851030826568604,
            1.659088134765625,
            1.6013680696487427,
            1.4292476177215576,
            1.3951034545898438,
            1.2647157907485962,
            1.2571278810501099,
            1.2679277658462524,
            1.1701925992965698,
            1.164775013923645,
            1.133607268333435,
            1.10739004611969,
            1.0576030015945435,
            1.1021136045455933,
            1.0664236545562744,
            1.0450565814971924,
            1.0281108617782593,
            1.0364930629730225,
            1.017822504043579,
            0.9683401584625244,
            1.0172717571258545,
            0.9842755198478699,
            0.9860023260116577
        ],
        "val_acc": [
            0.2840865384615385,
            0.43067307692307694,
            0.4974038461538462,
            0.5499519230769231,
            0.5918269230769231,
            0.6259615384615385,
            0.666298076923077,
            0.6958653846153846,
            0.6879326923076923,
            0.7044230769230769,
            0.7080288461538462,
            0.7138942307692309,
            0.7289903846153846,
            0.7244711538461538,
            0.7310096153846154,
            0.7496153846153846,
            0.7751442307692307,
            0.7437499999999999,
            0.7552403846153847,
            0.7416826923076923,
            0.7517788461538462,
            0.7361538461538462,
            0.7631249999999999,
            0.7722115384615384,
            0.7596634615384615,
            0.7789423076923078,
            0.7754807692307693
        ]
    }
}