{
    "checkpoint/train-classifier-128/epoch-5.pt": {
        "train_loss": [
            2.2747273445129395,
            0.6219356060028076,
            0.3031449615955353,
            0.2437572479248047,
            0.2872310280799866,
            0.25736120343208313
        ],
        "train_acc": [
            0.46439302884615385,
            0.8255208333333334,
            0.9144631410256411,
            0.9277844551282051,
            0.9298377403846154,
            0.9362980769230769
        ],
        "val_loss": [
            0.8885492086410522,
            0.6421127915382385,
            0.5856660008430481,
            0.9598522186279297,
            0.7710556983947754,
            0.8099363446235657
        ],
        "val_acc": [
            0.7680357142857143,
            0.8174107142857142,
            0.85375,
            0.7950892857142857,
            0.8520089285714285,
            0.8365178571428571
        ]
    }
}