{
    "checkpoint/add-1-extra-layer-batch-32-patience-5/epoch-16.pt": {
        "train_loss": [
            1.6538326740264893,
            0.6112778782844543,
            0.4547349810600281,
            0.3801289498806,
            0.3178323805332184,
            0.2622621953487396,
            0.25763607025146484,
            0.22383306920528412,
            0.2025839388370514,
            0.19861480593681335,
            0.1775054931640625,
            0.18190531432628632,
            0.18431280553340912,
            0.16741526126861572,
            0.16761712729930878,
            0.15633295476436615,
            0.14906401932239532
        ],
        "train_acc": [
            0.6047256097560976,
            0.8355182926829269,
            0.874390243902439,
            0.8867886178861789,
            0.9119410569105691,
            0.9226117886178863,
            0.924288617886179,
            0.9303353658536585,
            0.9360772357723577,
            0.9341971544715448,
            0.945630081300813,
            0.942428861788618,
            0.9380589430894308,
            0.943140243902439,
            0.9451727642276424,
            0.949491869918699,
            0.9493394308943088
        ],
        "val_loss": [
            0.7604890465736389,
            0.5971790552139282,
            0.5464081168174744,
            0.5170701146125793,
            0.5036472678184509,
            0.5031166672706604,
            0.4747341275215149,
            0.4623942971229553,
            0.4764615595340729,
            0.4960789084434509,
            0.46395400166511536,
            0.4391948878765106,
            0.4876585304737091,
            0.460769921541214,
            0.4802149534225464,
            0.47685402631759644,
            0.48240378499031067
        ],
        "val_acc": [
            0.8250534188034189,
            0.8623130341880342,
            0.8625801282051282,
            0.8707264957264957,
            0.8782051282051282,
            0.8697916666666666,
            0.8788728632478632,
            0.8872863247863247,
            0.8875534188034189,
            0.8728632478632478,
            0.8890224358974359,
            0.8918269230769231,
            0.8818108974358974,
            0.8824786324786325,
            0.8851495726495726,
            0.8950320512820512,
            0.8791399572649573
        ]
    }
}