{
    "checkpoint/add-1-extra-layer--batch-128-patience-5/epoch-23.pt": {
        "train_loss": [
            2.2021310329437256,
            0.7936118245124817,
            0.591016411781311,
            0.4634649157524109,
            0.39301544427871704,
            0.348396897315979,
            0.3166952431201935,
            0.28327295184135437,
            0.25281673669815063,
            0.22982583940029144,
            0.2142532467842102,
            0.20444940030574799,
            0.18988341093063354,
            0.1736101508140564,
            0.176124706864357,
            0.15697647631168365,
            0.1580963283777237,
            0.143098384141922,
            0.14472119510173798,
            0.1355006992816925,
            0.1305776685476303,
            0.12657836079597473,
            0.12541988492012024,
            0.12283496558666229
        ],
        "train_acc": [
            0.5145733173076923,
            0.8181089743589743,
            0.8615785256410257,
            0.8914763621794872,
            0.9068008814102565,
            0.9153645833333334,
            0.9174178685897435,
            0.9292367788461539,
            0.9374499198717949,
            0.9425080128205128,
            0.9448116987179488,
            0.9485677083333334,
            0.9519230769230769,
            0.9565805288461539,
            0.9551282051282051,
            0.9623898237179488,
            0.9590845352564104,
            0.9641927083333334,
            0.9646935096153846,
            0.9674979967948718,
            0.9658954326923077,
            0.9682491987179488,
            0.9688000801282051,
            0.9664463141025641
        ],
        "val_loss": [
            1.036012887954712,
            0.7842531204223633,
            0.644661009311676,
            0.6122472882270813,
            0.5294374227523804,
            0.5025399923324585,
            0.4923180937767029,
            0.491492360830307,
            0.4869209825992584,
            0.48384222388267517,
            0.4829723536968231,
            0.4339087903499603,
            0.4705529808998108,
            0.4374149739742279,
            0.42854052782058716,
            0.42222660779953003,
            0.41176342964172363,
            0.4145236611366272,
            0.3910224437713623,
            0.44156649708747864,
            0.48355111479759216,
            0.40517231822013855,
            0.42513492703437805,
            0.415676087141037
        ],
        "val_acc": [
            0.8014285714285715,
            0.8232142857142858,
            0.8520089285714285,
            0.8587053571428571,
            0.8798214285714285,
            0.8881249999999999,
            0.8835267857142857,
            0.8852678571428572,
            0.8857589285714286,
            0.8806696428571429,
            0.8764285714285714,
            0.8948214285714285,
            0.8805357142857143,
            0.885625,
            0.8858928571428571,
            0.8857589285714286,
            0.8902232142857143,
            0.9004017857142858,
            0.9067410714285715,
            0.8891071428571429,
            0.8873660714285715,
            0.8898660714285713,
            0.8875000000000001,
            0.8895982142857143
        ]
    }
}