{
    "checkpoint/add-1-extra-layer-batch-32/epoch-11.pt": {
        "train_loss": [
            1.652294635772705,
            0.607470691204071,
            0.4653657376766205,
            0.35424938797950745,
            0.31896108388900757,
            0.29355588555336,
            0.2399887591600418,
            0.2323562651872635,
            0.21309922635555267,
            0.19879727065563202,
            0.1952279806137085,
            0.1832621544599533
        ],
        "train_acc": [
            0.6165650406504065,
            0.8396849593495936,
            0.8664634146341463,
            0.9016768292682927,
            0.9058943089430893,
            0.9145833333333332,
            0.9257621951219512,
            0.9321646341463414,
            0.9326219512195122,
            0.9372967479674796,
            0.9384654471544717,
            0.9439024390243902
        ],
        "val_loss": [
            0.7399482131004333,
            0.5949221849441528,
            0.5262566804885864,
            0.5058522820472717,
            0.49093490839004517,
            0.4815070927143097,
            0.4628100097179413,
            0.4621715545654297,
            0.44869863986968994,
            0.47124260663986206,
            0.464351624250412,
            0.467763751745224
        ],
        "val_acc": [
            0.8298611111111112,
            0.8533653846153846,
            0.8632478632478632,
            0.8812767094017093,
            0.8695245726495726,
            0.8791399572649573,
            0.8842147435897435,
            0.8776709401709402,
            0.8858173076923077,
            0.8896901709401709,
            0.8863514957264957,
            0.8824786324786325
        ]
    }
}