{
    "checkpoint/add-1-extra-layer-with-new-augmentation-batch-32/epoch-14.pt": {
        "train_loss": [
            1.6449568271636963,
            0.5982732772827148,
            0.4511142373085022,
            0.3671591281890869,
            0.29329684376716614,
            0.2738831341266632,
            0.24829310178756714,
            0.2246854454278946,
            0.20776110887527466,
            0.2026463747024536,
            0.19877706468105316,
            0.1738194227218628,
            0.1780676245689392,
            0.15821893513202667
        ],
        "train_acc": [
            0.620579268292683,
            0.8388719512195122,
            0.8737296747967479,
            0.8959349593495936,
            0.9127032520325205,
            0.9153963414634146,
            0.9245426829268293,
            0.9333333333333332,
            0.9340447154471546,
            0.9325203252032521,
            0.9381605691056911,
            0.9461890243902439,
            0.9397357723577234,
            0.949491869918699
        ],
        "val_loss": [
            0.7619845271110535,
            0.6232855916023254,
            0.5467333197593689,
            0.4960460066795349,
            0.48379069566726685,
            0.5179194211959839,
            0.47222471237182617,
            0.4744321405887604,
            0.4705529808998108,
            0.46792635321617126,
            0.4847172200679779,
            0.4650755524635315,
            0.4923202395439148,
            0.48628875613212585
        ],
        "val_acc": [
            0.8111645299145299,
            0.8454861111111112,
            0.8616452991452992,
            0.8728632478632478,
            0.8824786324786325,
            0.8664529914529915,
            0.8791399572649573,
            0.8799412393162392,
            0.8884882478632478,
            0.8863514957264957,
            0.8824786324786325,
            0.8815438034188035,
            0.8830128205128205,
            0.8896901709401709
        ]
    }
}