{
    "checkpoint/add-1-extra-layer-with-augmentation-batch-32/epoch-10.pt": {
        "train_loss": [
            2.273768901824951,
            1.3189280033111572,
            1.1992746591567993,
            1.1390756368637085,
            1.0709527730941772,
            1.0537174940109253,
            1.0257254838943481,
            1.0098330974578857,
            0.9502165913581848,
            1.0033208131790161,
            1.0038210153579712
        ],
        "train_acc": [
            0.46031504065040657,
            0.6404471544715448,
            0.6739837398373985,
            0.680538617886179,
            0.6975101626016259,
            0.7055894308943088,
            0.7179369918699187,
            0.7204268292682927,
            0.7330284552845527,
            0.7273373983739838,
            0.7201727642276423
        ],
        "val_loss": [
            1.346285104751587,
            1.140915036201477,
            1.0189306735992432,
            0.9676334857940674,
            0.9417881369590759,
            0.8718750476837158,
            0.8801740407943726,
            0.8166388273239136,
            0.8321030139923096,
            0.86915522813797,
            0.8501182794570923
        ],
        "val_acc": [
            0.6587873931623931,
            0.6999198717948718,
            0.7413194444444445,
            0.7513354700854701,
            0.7613514957264957,
            0.7706997863247863,
            0.7585470085470085,
            0.7777777777777778,
            0.7829861111111112,
            0.7600160256410257,
            0.7915331196581197
        ]
    }
}