{
    "checkpoint/add-1-extra-layer-with-new-augmentation-batch-64/epoch-11.pt": {
        "train_loss": [
            1.8546489477157593,
            0.6760998964309692,
            0.48841801285743713,
            0.40059995651245117,
            0.3372989296913147,
            0.3018609285354614,
            0.2741910219192505,
            0.2439292073249817,
            0.21093396842479706,
            0.20598289370536804,
            0.18278439342975616,
            0.16971677541732788
        ],
        "train_acc": [
            0.5833333333333334,
            0.83667071197411,
            0.8778822815533981,
            0.8962378640776699,
            0.9093851132686085,
            0.9154025080906149,
            0.9263248381877022,
            0.9307241100323624,
            0.9410396440129449,
            0.9414947411003236,
            0.946703074433657,
            0.9524676375404532
        ],
        "val_loss": [
            0.8411495685577393,
            0.6467218995094299,
            0.589273989200592,
            0.5351311564445496,
            0.5155400633811951,
            0.4804815948009491,
            0.47603434324264526,
            0.46770334243774414,
            0.433291494846344,
            0.442001610994339,
            0.43963420391082764,
            0.43448227643966675
        ],
        "val_acc": [
            0.8306250000000001,
            0.8539423076923077,
            0.8534134615384615,
            0.8628846153846154,
            0.8759134615384615,
            0.8786538461538461,
            0.877451923076923,
            0.8874038461538463,
            0.8901442307692308,
            0.891875,
            0.8951442307692308,
            0.885
        ]
    }
}