{
    "checkpoint/add-1-extra-layer-with-augmentation/epoch-17.pt": {
        "train_loss": [
            1.8772302865982056,
            0.6940817832946777,
            0.4819846749305725,
            0.4081736207008362,
            0.3366217315196991,
            0.29429611563682556,
            0.2653874456882477,
            0.23660866916179657,
            0.2252991944551468,
            0.20468111336231232,
            0.18807679414749146,
            0.18558138608932495,
            0.16907677054405212,
            0.15235458314418793,
            0.1571340411901474,
            0.14212509989738464,
            0.14911586046218872,
            0.14100401103496552
        ],
        "train_acc": [
            0.5739785598705501,
            0.8268608414239482,
            0.8808151294498382,
            0.8911812297734628,
            0.9081715210355987,
            0.9204591423948221,
            0.9272855987055016,
            0.9355279126213593,
            0.9370449029126213,
            0.9405339805825242,
            0.9454894822006473,
            0.9475121359223301,
            0.9515068770226537,
            0.9572208737864077,
            0.955248786407767,
            0.9570186084142396,
            0.9548442556634303,
            0.9556027508090614
        ],
        "val_loss": [
            0.8646312355995178,
            0.6551580429077148,
            0.5823386907577515,
            0.5217006206512451,
            0.5149413347244263,
            0.48715972900390625,
            0.4868258237838745,
            0.4475884437561035,
            0.4732256531715393,
            0.4457351565361023,
            0.4372665286064148,
            0.4666270911693573,
            0.43229639530181885,
            0.4287559390068054,
            0.42660048604011536,
            0.44028785824775696,
            0.44284090399742126,
            0.4411434829235077
        ],
        "val_acc": [
            0.8116826923076924,
            0.8474038461538461,
            0.8556730769230769,
            0.877451923076923,
            0.8791826923076923,
            0.8824519230769231,
            0.8753846153846154,
            0.8934134615384616,
            0.8785096153846154,
            0.8908653846153847,
            0.8923557692307693,
            0.8870673076923077,
            0.8892788461538461,
            0.8950961538461539,
            0.8916826923076923,
            0.8865384615384616,
            0.8777884615384616,
            0.8901442307692308
        ]
    }
}