{
    "checkpoint/train-modified-batch-32/epoch-24.pt": {
        "train_loss": [
            4.16499137878418,
            3.512352228164673,
            3.1652987003326416,
            2.968136787414551,
            2.782843828201294,
            2.6385607719421387,
            2.50341796875,
            2.4137802124023438,
            2.303917407989502,
            2.248413324356079,
            2.1718058586120605,
            2.1131510734558105,
            2.0266709327697754,
            1.9810816049575806,
            1.9241985082626343,
            1.9324513673782349,
            1.9278820753097534,
            1.8795030117034912,
            1.831072211265564,
            1.7705473899841309,
            1.7818037271499634,
            1.7598906755447388,
            1.7061101198196411,
            1.7410805225372314,
            1.7007088661193848
        ],
        "train_acc": [
            0.09400406504065041,
            0.18353658536585366,
            0.2401930894308943,
            0.27027439024390243,
            0.3002032520325203,
            0.32378048780487806,
            0.34349593495934955,
            0.35696138211382117,
            0.3842479674796748,
            0.39258130081300807,
            0.4090955284552846,
            0.4240853658536585,
            0.4334857723577236,
            0.4548272357723578,
            0.4611280487804878,
            0.45879065040650413,
            0.4566056910569105,
            0.47301829268292683,
            0.4726626016260163,
            0.4914126016260163,
            0.48668699186991876,
            0.49913617886178857,
            0.5089939024390244,
            0.49979674796747975,
            0.5109247967479675
        ],
        "val_loss": [
            3.4296841621398926,
            2.8311712741851807,
            2.397846221923828,
            2.225245475769043,
            2.080446481704712,
            1.997930645942688,
            1.8315870761871338,
            1.8018227815628052,
            1.6486276388168335,
            1.6431467533111572,
            1.5135304927825928,
            1.5429719686508179,
            1.4721330404281616,
            1.4448224306106567,
            1.416919231414795,
            1.3918527364730835,
            1.3778502941131592,
            1.4144428968429565,
            1.3247984647750854,
            1.3117033243179321,
            1.3136837482452393,
            1.251802921295166,
            1.2617002725601196,
            1.300026774406433,
            1.286488652229309
        ],
        "val_acc": [
            0.312099358974359,
            0.3887553418803419,
            0.44764957264957267,
            0.5022702991452992,
            0.5610309829059829,
            0.5697115384615384,
            0.609508547008547,
            0.6121794871794871,
            0.6446314102564104,
            0.6179220085470085,
            0.655715811965812,
            0.6482371794871795,
            0.6941773504273504,
            0.688167735042735,
            0.6845619658119658,
            0.686832264957265,
            0.7041933760683761,
            0.6834935897435896,
            0.6943108974358974,
            0.6862980769230769,
            0.6903044871794872,
            0.6987179487179488,
            0.7291666666666666,
            0.6944444444444445,
            0.7013888888888888
        ]
    }
}