{
    "checkpoint/train-classifier-with-new-augmentation-64/epoch-10.pt": {
        "train_loss": [
            3.142631769180298,
            1.8031288385391235,
            1.474480390548706,
            1.447025179862976,
            1.449036717414856,
            1.3317235708236694,
            1.3497382402420044,
            1.3233911991119385,
            1.3394547700881958,
            1.2905004024505615,
            1.2795251607894897
        ],
        "train_acc": [
            0.27674959546925565,
            0.5372168284789645,
            0.625,
            0.6409283980582524,
            0.6558960355987056,
            0.6828984627831716,
            0.6940736245954692,
            0.707423139158576,
            0.7148563915857604,
            0.7276496763754046,
            0.7241100323624595
        ],
        "val_loss": [
            1.53048574924469,
            1.2095712423324585,
            1.0725122690200806,
            1.0272724628448486,
            0.8618597388267517,
            1.0118104219436646,
            0.8399773836135864,
            0.76842200756073,
            0.8711004257202148,
            0.9211563467979431,
            0.8761009573936462
        ],
        "val_acc": [
            0.598173076923077,
            0.6682211538461539,
            0.7085096153846154,
            0.7236538461538462,
            0.7677403846153846,
            0.7504326923076923,
            0.7861057692307691,
            0.818076923076923,
            0.7840865384615385,
            0.7949038461538461,
            0.7897115384615384
        ]
    }
}