{
    "checkpoint/add-1-extra-layer-batch-64-patience-5/epoch-24.pt": {
        "train_loss": [
            1.874590277671814,
            0.6899975538253784,
            0.49306270480155945,
            0.40110141038894653,
            0.3479118347167969,
            0.2912663221359253,
            0.2642991840839386,
            0.2449023276567459,
            0.22495906054973602,
            0.20818929374217987,
            0.1869490146636963,
            0.1858309805393219,
            0.1654096096754074,
            0.15278667211532593,
            0.15757612884044647,
            0.14957261085510254,
            0.13794152438640594,
            0.1309317648410797,
            0.12926658987998962,
            0.12485215067863464,
            0.11993218958377838,
            0.12218990921974182,
            0.11501762270927429,
            0.12430594116449356,
            0.11311600357294083
        ],
        "train_acc": [
            0.5843446601941747,
            0.8274170711974109,
            0.8727245145631068,
            0.897754854368932,
            0.9061488673139159,
            0.9227346278317152,
            0.9273867313915857,
            0.9355784789644013,
            0.9387641585760518,
            0.9442758899676376,
            0.9481189320388349,
            0.9443770226537216,
            0.9520631067961165,
            0.9576759708737864,
            0.9541363268608415,
            0.955248786407767,
            0.959546925566343,
            0.9636427993527508,
            0.9591423948220065,
            0.9638956310679612,
            0.9662722491909386,
            0.9639461974110032,
            0.9655643203883495,
            0.9617718446601942,
            0.9654126213592233
        ],
        "val_loss": [
            0.8439385890960693,
            0.6360137462615967,
            0.5682752728462219,
            0.5393370389938354,
            0.5123468041419983,
            0.49169519543647766,
            0.47564202547073364,
            0.46775463223457336,
            0.46688318252563477,
            0.45096614956855774,
            0.4603746831417084,
            0.4569775462150574,
            0.44689279794692993,
            0.4333653450012207,
            0.4390118420124054,
            0.45231467485427856,
            0.42783689498901367,
            0.4251871705055237,
            0.43712204694747925,
            0.42356258630752563,
            0.42513275146484375,
            0.42903196811676025,
            0.43526649475097656,
            0.4305885434150696,
            0.434421569108963
        ],
        "val_acc": [
            0.8197596153846154,
            0.8668269230769231,
            0.8702403846153846,
            0.8697115384615385,
            0.8723076923076923,
            0.8772596153846154,
            0.8763942307692307,
            0.8841346153846155,
            0.8819230769230769,
            0.8908173076923076,
            0.88875,
            0.886875,
            0.8874038461538463,
            0.8961538461538462,
            0.891875,
            0.891875,
            0.8910096153846154,
            0.8904807692307692,
            0.8845192307692307,
            0.904375,
            0.9000961538461538,
            0.8877403846153846,
            0.8904807692307692,
            0.8940865384615384,
            0.8976923076923077
        ]
    }
}