{
    "checkpoint/add-1-extra-layer-with-augmentation-batch-64-patience-5/epoch-27.pt": {
        "train_loss": [
            2.4420857429504395,
            1.394033670425415,
            1.1942534446716309,
            1.0598857402801514,
            1.021833062171936,
            0.9981536865234375,
            0.9502733945846558,
            0.9285341501235962,
            0.9162173271179199,
            0.8687137961387634,
            0.8923584222793579,
            0.851234495639801,
            0.8546091914176941,
            0.842034101486206,
            0.8525927662849426,
            0.8396016955375671,
            0.8286609649658203,
            0.8080465793609619,
            0.7989516258239746,
            0.8347412943840027,
            0.8213275671005249,
            0.8117914199829102,
            0.8040000200271606,
            0.8193655610084534,
            0.7828842401504517,
            0.8075124025344849,
            0.8347918391227722,
            0.8170263171195984
        ],
        "train_acc": [
            0.4307241100323625,
            0.6312196601941747,
            0.6688410194174758,
            0.6947309870550162,
            0.7160699838187702,
            0.71875,
            0.7253741909385114,
            0.7401395631067961,
            0.7360942556634303,
            0.7441848705501618,
            0.7476739482200647,
            0.7515169902912622,
            0.7498483009708737,
            0.7551577669902912,
            0.7522754854368932,
            0.7549049352750808,
            0.7622876213592233,
            0.7667374595469255,
            0.7652204692556633,
            0.7571804207119741,
            0.7630461165048543,
            0.7595570388349514,
            0.7692152103559871,
            0.7590008090614886,
            0.7717940938511327,
            0.7675465210355987,
            0.7640068770226537,
            0.7680521844660194
        ],
        "val_loss": [
            1.5376410484313965,
            1.199355959892273,
            1.0828953981399536,
            0.9289830923080444,
            0.9297991991043091,
            0.838363766670227,
            0.8346579074859619,
            0.8298070430755615,
            0.8346342444419861,
            0.8001875281333923,
            0.7981680631637573,
            0.8030799627304077,
            0.7411221265792847,
            0.7895455956459045,
            0.7537394165992737,
            0.7421697378158569,
            0.7877919673919678,
            0.7363275289535522,
            0.7357286214828491,
            0.7229769825935364,
            0.718157172203064,
            0.7274062633514404,
            0.6983769536018372,
            0.7422466278076172,
            0.7319095134735107,
            0.7372193932533264,
            0.7254167795181274,
            0.7337458729743958
        ],
        "val_acc": [
            0.6275480769230769,
            0.7191826923076923,
            0.7185096153846153,
            0.77,
            0.7564423076923077,
            0.7760096153846153,
            0.7823557692307692,
            0.8000480769230769,
            0.7949038461538461,
            0.7892307692307692,
            0.7991826923076922,
            0.7914423076923077,
            0.8008653846153847,
            0.7842307692307693,
            0.8005288461538461,
            0.7993750000000001,
            0.7991826923076922,
            0.8053365384615384,
            0.806923076923077,
            0.8120192307692308,
            0.8104807692307693,
            0.8113461538461538,
            0.805673076923077,
            0.7976442307692307,
            0.8151442307692308,
            0.8065384615384615,
            0.7974519230769231,
            0.8065384615384615
        ]
    }
}