{
    "checkpoint/add-1-extra-layer-with-augmentation-batch-128/epoch-22.pt": {
        "train_loss": [
            2.7180824279785156,
            1.485120177268982,
            1.22274649143219,
            1.1051634550094604,
            1.0475256443023682,
            0.9643262624740601,
            0.9693606495857239,
            0.9126147031784058,
            0.8821818232536316,
            0.8787136077880859,
            0.8442625403404236,
            0.8397607803344727,
            0.8020171523094177,
            0.7996845841407776,
            0.7725934386253357,
            0.7980139851570129,
            0.7880703210830688,
            0.7696129083633423,
            0.7595796585083008,
            0.7596101760864258,
            0.7324015498161316,
            0.7481604218482971,
            0.7491894364356995
        ],
        "train_acc": [
            0.3909254807692308,
            0.6270032051282051,
            0.6761818910256411,
            0.7093850160256411,
            0.7139423076923077,
            0.7357772435897435,
            0.7306189903846154,
            0.7449919871794872,
            0.7474459134615384,
            0.7511017628205128,
            0.7569110576923077,
            0.7624198717948718,
            0.7704827724358974,
            0.7642728365384616,
            0.7800480769230769,
            0.7642728365384616,
            0.7708834134615384,
            0.7772936698717949,
            0.7799979967948718,
            0.7768429487179488,
            0.7797475961538461,
            0.7778445512820512,
            0.7830028044871795
        ],
        "val_loss": [
            1.7275623083114624,
            1.3601906299591064,
            1.1543152332305908,
            1.0371891260147095,
            0.9667041897773743,
            0.9289169311523438,
            0.9052106142044067,
            0.8648138642311096,
            0.8578383326530457,
            0.8583444356918335,
            0.804702877998352,
            0.8075861930847168,
            0.8061226010322571,
            0.7929250597953796,
            0.8081778287887573,
            0.7439664006233215,
            0.7090588808059692,
            0.7038866877555847,
            0.7346266508102417,
            0.6962782144546509,
            0.7359554171562195,
            0.7517040967941284,
            0.7246189713478088
        ],
        "val_acc": [
            0.6075446428571428,
            0.693125,
            0.7076339285714285,
            0.7475892857142857,
            0.7608482142857144,
            0.7627232142857142,
            0.7651785714285715,
            0.7770982142857142,
            0.7772321428571428,
            0.774375,
            0.7833035714285714,
            0.7979464285714286,
            0.7893749999999999,
            0.7825446428571429,
            0.7916071428571428,
            0.8016517857142856,
            0.8237500000000001,
            0.8207589285714285,
            0.8083482142857142,
            0.8266071428571429,
            0.8196428571428571,
            0.8149107142857143,
            0.8175446428571428
        ]
    }
}