{
    "checkpoint/add-1-extra-layer-with-new-augmentation-batch-128/epoch-14.pt": {
        "train_loss": [
            2.2322847843170166,
            0.7974888682365417,
            0.5749911665916443,
            0.4667174220085144,
            0.39886176586151123,
            0.3391243815422058,
            0.3057149648666382,
            0.2873183488845825,
            0.2537812292575836,
            0.2264219969511032,
            0.21699164807796478,
            0.18806761503219604,
            0.18919824063777924,
            0.18341554701328278,
            0.16843673586845398
        ],
        "train_acc": [
            0.5214342948717948,
            0.818359375,
            0.8731971153846154,
            0.889473157051282,
            0.904296875,
            0.9158153044871795,
            0.9221754807692307,
            0.9300881410256411,
            0.9399539262820512,
            0.9430588942307693,
            0.9459134615384616,
            0.9564302884615384,
            0.9548778044871795,
            0.9528245192307693,
            0.9569811698717949
        ],
        "val_loss": [
            1.050006628036499,
            0.7672672867774963,
            0.6427950859069824,
            0.5706731677055359,
            0.5588288903236389,
            0.4984721839427948,
            0.4937463104724884,
            0.4651919901371002,
            0.46598437428474426,
            0.47189193964004517,
            0.4518733024597168,
            0.4319031834602356,
            0.44288355112075806,
            0.4392522871494293,
            0.44642576575279236
        ],
        "val_acc": [
            0.7913839285714286,
            0.8460714285714286,
            0.8600892857142857,
            0.8836607142857142,
            0.8773214285714286,
            0.8933482142857143,
            0.8842857142857142,
            0.8829017857142858,
            0.8966964285714286,
            0.8773214285714286,
            0.8909821428571428,
            0.8987946428571428,
            0.8886160714285715,
            0.8925892857142858,
            0.8935714285714286
        ]
    }
}