{
    "checkpoint/add-1-extra-layer-mixup-batch-64/epoch-6.pt": {
        "train_loss": [
            3.2146155834198,
            2.562286376953125,
            2.470820665359497,
            2.319517135620117,
            2.397315740585327,
            2.5120768547058105,
            2.227844476699829
        ],
        "train_acc": [
            NaN,
            NaN,
            NaN,
            NaN,
            NaN,
            NaN,
            NaN
        ],
        "val_loss": [
            2.5563089847564697,
            2.328038454055786,
            2.2626800537109375,
            1.9137930870056152,
            2.1264922618865967,
            2.0324275493621826,
            2.0175089836120605
        ],
        "val_acc": [
            NaN,
            NaN,
            NaN,
            NaN,
            NaN,
            NaN,
            NaN
        ]
    }
}