{
    "checkpoint/add-1-extra-layer-batch-128/epoch-15.pt": {
        "train_loss": [
            2.2176291942596436,
            0.8141497373580933,
            0.5872751474380493,
            0.46880537271499634,
            0.3948703110218048,
            0.33422791957855225,
            0.30388519167900085,
            0.27983418107032776,
            0.26371198892593384,
            0.2314445823431015,
            0.22807717323303223,
            0.20457178354263306,
            0.18954816460609436,
            0.17729705572128296,
            0.1702452003955841,
            0.16373856365680695
        ],
        "train_acc": [
            0.5221354166666667,
            0.8161558493589743,
            0.8653345352564104,
            0.890625,
            0.9017427884615384,
            0.9223758012820512,
            0.9264823717948718,
            0.932441907051282,
            0.9326422275641026,
            0.9388020833333334,
            0.9410556891025641,
            0.9488181089743589,
            0.9532752403846154,
            0.9556790865384616,
            0.9574819711538461,
            0.956229967948718
        ],
        "val_loss": [
            1.0725129842758179,
            0.7515339255332947,
            0.6313767433166504,
            0.5875483751296997,
            0.5333096981048584,
            0.5118123888969421,
            0.4873128831386566,
            0.49368152022361755,
            0.46932336688041687,
            0.4511931538581848,
            0.47561147809028625,
            0.44453805685043335,
            0.42271512746810913,
            0.44737371802330017,
            0.44566160440444946,
            0.44528672099113464
        ],
        "val_acc": [
            0.7917410714285714,
            0.8357589285714286,
            0.8598214285714285,
            0.8723660714285714,
            0.8713839285714285,
            0.8803124999999999,
            0.8796875000000001,
            0.8789285714285714,
            0.8846428571428572,
            0.8824107142857143,
            0.8725892857142857,
            0.8913392857142857,
            0.8898660714285713,
            0.8862500000000001,
            0.8924553571428572,
            0.8821428571428571
        ]
    }
}