{
    "checkpoint/train-classifier-32/epoch-4.pt": {
        "train_loss": [
            2.889936923980713,
            1.7930327653884888,
            1.5893244743347168,
            1.6218920946121216
        ],
        "train_acc": [
            0.34700203252032513,
            0.6267276422764229,
            0.7228658536585366,
            0.763211382113821
        ],
        "val_loss": [
            1.2816166877746582,
            0.9719568490982056,
            1.2364081144332886,
            1.3552082777023315
        ],
        "val_acc": [
            0.6543803418803419,
            0.7564102564102565,
            0.702323717948718,
            0.7590811965811965
        ]
    }
}