{
    "checkpoint/add-1-extra-layer-mixup-batch-128/epoch-7.pt": {
        "train_loss": [
            3.1375856399536133,
            2.5574276447296143,
            2.327446222305298,
            2.6292409896850586,
            2.0438895225524902,
            2.3215715885162354,
            2.319085121154785,
            2.208163261413574
        ],
        "train_acc": [
            NaN,
            NaN,
            NaN,
            NaN,
            NaN,
            NaN,
            NaN,
            NaN
        ],
        "val_loss": [
            2.5025672912597656,
            2.2167279720306396,
            2.224395990371704,
            1.9122543334960938,
            1.8773566484451294,
            2.318298578262329,
            2.186471939086914,
            2.23453426361084
        ],
        "val_acc": [
            NaN,
            NaN,
            NaN,
            NaN,
            NaN,
            NaN,
            NaN,
            NaN
        ]
    }
}