{
    "checkpoint/train-classifier-64/epoch-4.pt": {
        "train_loss": [
            2.395759344100952,
            0.8552905321121216,
            0.6381494998931885,
            0.6206138134002686,
            0.8270877599716187
        ],
        "train_acc": [
            0.4395732200647249,
            0.7755360032362459,
            0.8409182847896439,
            0.8604874595469255,
            0.8566949838187702
        ],
        "val_loss": [
            1.0093269348144531,
            0.7163912057876587,
            0.8517407774925232,
            0.926164984703064,
            1.20270836353302
        ],
        "val_acc": [
            0.7250480769230769,
            0.8259615384615385,
            0.8000480769230769,
            0.8087980769230769,
            0.8257692307692307
        ]
    }
}